Residue,Contact Number,Contact Frequency
SYSTEM_THR104,0.0,0.0
SYSTEM_HIS105,119.0,0.059470264867566215
SYSTEM_VAL106,0.0,0.0
SYSTEM_GLN107,0.0,0.0
SYSTEM_GLY108,60.0,0.029985007496251874
SYSTEM_ARG109,10906.0,5.450274862568715
SYSTEM_VAL110,0.0,0.0
SYSTEM_TYR111,0.0,0.0
SYSTEM_ASN112,19455.0,9.72263868065967
SYSTEM_PHE113,510.0,0.25487256371814093
SYSTEM_LEU114,0.0,0.0
SYSTEM_GLU115,0.0,0.0
SYSTEM_ARG116,207.0,0.10344827586206896
SYSTEM_PRO117,10.0,0.004997501249375313
SYSTEM_THR118,12330.0,6.16191904047976
SYSTEM_GLY119,78777.0,39.3688155922039
SYSTEM_TRP120,356563.0,178.19240379810094
SYSTEM_LYS121,352946.0,176.3848075962019
SYSTEM_CYS122,11109.0,5.551724137931035
SYSTEM_PHE123,530.0,0.26486756621689156
SYSTEM_VAL124,584.0,0.29185407296351823
SYSTEM_TYR125,0.0,0.0
SYSTEM_HIS126,0.0,0.0
SYSTEM_PHE127,0.0,0.0
SYSTEM_ALA128,0.0,0.0
SYSTEM_VAL129,0.0,0.0
SYSTEM_PHE130,0.0,0.0
SYSTEM_LEU131,0.0,0.0
SYSTEM_ILE132,0.0,0.0
SYSTEM_VAL133,0.0,0.0
SYSTEM_LEU134,0.0,0.0
SYSTEM_VAL135,0.0,0.0
SYSTEM_CYS136,0.0,0.0
SYSTEM_LEU137,0.0,0.0
SYSTEM_ILE138,0.0,0.0
SYSTEM_PHE139,0.0,0.0
SYSTEM_SER140,0.0,0.0
SYSTEM_VAL141,0.0,0.0
SYSTEM_LEU142,0.0,0.0
SYSTEM_SER143,0.0,0.0
SYSTEM_THR144,0.0,0.0
SYSTEM_ILE145,0.0,0.0
SYSTEM_GLU146,0.0,0.0
SYSTEM_GLN147,0.0,0.0
SYSTEM_TYR148,0.0,0.0
SYSTEM_ALA149,0.0,0.0
SYSTEM_ALA150,0.0,0.0
SYSTEM_LEU151,0.0,0.0
SYSTEM_ALA152,0.0,0.0
SYSTEM_THR153,0.0,0.0
SYSTEM_GLY154,0.0,0.0
SYSTEM_THR155,0.0,0.0
SYSTEM_LEU156,0.0,0.0
SYSTEM_PHE157,0.0,0.0
SYSTEM_TRP158,0.0,0.0
SYSTEM_MET159,0.0,0.0
SYSTEM_GLU160,0.0,0.0
SYSTEM_ILE161,0.0,0.0
SYSTEM_VAL162,0.0,0.0
SYSTEM_LEU163,0.0,0.0
SYSTEM_VAL164,0.0,0.0
SYSTEM_VAL165,0.0,0.0
SYSTEM_PHE166,0.0,0.0
SYSTEM_PHE167,0.0,0.0
SYSTEM_GLY168,0.0,0.0
SYSTEM_THR169,0.0,0.0
SYSTEM_GLU170,0.0,0.0
SYSTEM_TYR171,0.0,0.0
SYSTEM_VAL172,0.0,0.0
SYSTEM_VAL173,0.0,0.0
SYSTEM_ARG174,0.0,0.0
SYSTEM_LEU175,0.0,0.0
SYSTEM_TRP176,0.0,0.0
SYSTEM_SER177,0.0,0.0
SYSTEM_ALA178,0.0,0.0
SYSTEM_GLY179,0.0,0.0
SYSTEM_CYS180,0.0,0.0
SYSTEM_ARG181,0.0,0.0
SYSTEM_SER182,0.0,0.0
SYSTEM_LYS183,0.0,0.0
SYSTEM_TYR184,0.0,0.0
SYSTEM_VAL185,0.0,0.0
SYSTEM_GLY186,0.0,0.0
SYSTEM_LEU187,0.0,0.0
SYSTEM_TRP188,0.0,0.0
SYSTEM_GLY189,0.0,0.0
SYSTEM_ARG190,0.0,0.0
SYSTEM_LEU191,0.0,0.0
SYSTEM_ARG192,0.0,0.0
SYSTEM_PHE193,0.0,0.0
SYSTEM_ALA194,0.0,0.0
SYSTEM_ARG195,0.0,0.0
SYSTEM_LYS196,0.0,0.0
SYSTEM_PRO197,0.0,0.0
SYSTEM_ILE198,0.0,0.0
SYSTEM_SER199,0.0,0.0
SYSTEM_ILE200,0.0,0.0
SYSTEM_ILE201,0.0,0.0
SYSTEM_ASP202,0.0,0.0
SYSTEM_LEU203,0.0,0.0
SYSTEM_ILE204,0.0,0.0
SYSTEM_VAL205,0.0,0.0
SYSTEM_VAL206,0.0,0.0
SYSTEM_VAL207,0.0,0.0
SYSTEM_ALA208,0.0,0.0
SYSTEM_SER209,0.0,0.0
SYSTEM_MET210,0.0,0.0
SYSTEM_VAL211,0.0,0.0
SYSTEM_VAL212,0.0,0.0
SYSTEM_LEU213,0.0,0.0
SYSTEM_CYS214,0.0,0.0
SYSTEM_VAL215,0.0,0.0
SYSTEM_GLY216,0.0,0.0
SYSTEM_SER217,0.0,0.0
SYSTEM_LYS218,0.0,0.0
SYSTEM_GLY219,0.0,0.0
SYSTEM_GLN220,0.0,0.0
SYSTEM_VAL221,0.0,0.0
SYSTEM_PHE222,0.0,0.0
SYSTEM_ALA223,0.0,0.0
SYSTEM_THR224,0.0,0.0
SYSTEM_SER225,0.0,0.0
SYSTEM_ALA226,0.0,0.0
SYSTEM_ILE227,0.0,0.0
SYSTEM_ARG228,0.0,0.0
SYSTEM_GLY229,0.0,0.0
SYSTEM_ILE230,0.0,0.0
SYSTEM_ARG231,0.0,0.0
SYSTEM_PHE232,0.0,0.0
SYSTEM_LEU233,0.0,0.0
SYSTEM_GLN234,0.0,0.0
SYSTEM_ILE235,0.0,0.0
SYSTEM_LEU236,0.0,0.0
SYSTEM_ARG237,0.0,0.0
SYSTEM_MET238,0.0,0.0
SYSTEM_LEU239,0.0,0.0
SYSTEM_HIS240,0.0,0.0
SYSTEM_VAL241,0.0,0.0
SYSTEM_ASP242,0.0,0.0
SYSTEM_ARG243,0.0,0.0
SYSTEM_GLN244,0.0,0.0
SYSTEM_GLY245,0.0,0.0
SYSTEM_GLY246,0.0,0.0
SYSTEM_THR247,0.0,0.0
SYSTEM_TRP248,0.0,0.0
SYSTEM_ARG249,0.0,0.0
SYSTEM_LEU250,0.0,0.0
SYSTEM_LEU251,0.0,0.0
SYSTEM_GLY252,0.0,0.0
SYSTEM_SER253,0.0,0.0
SYSTEM_VAL254,0.0,0.0
SYSTEM_VAL255,0.0,0.0
SYSTEM_PHE256,0.0,0.0
SYSTEM_ILE257,0.0,0.0
SYSTEM_HIS258,0.0,0.0
SYSTEM_ARG259,0.0,0.0
SYSTEM_GLN260,0.0,0.0
SYSTEM_GLU261,0.0,0.0
SYSTEM_LEU262,0.0,0.0
SYSTEM_ILE263,0.0,0.0
SYSTEM_THR264,0.0,0.0
SYSTEM_THR265,0.0,0.0
SYSTEM_LEU266,0.0,0.0
SYSTEM_TYR267,0.0,0.0
SYSTEM_ILE268,0.0,0.0
SYSTEM_GLY269,0.0,0.0
SYSTEM_PHE270,0.0,0.0
SYSTEM_LEU271,0.0,0.0
SYSTEM_GLY272,0.0,0.0
SYSTEM_LEU273,0.0,0.0
SYSTEM_ILE274,0.0,0.0
SYSTEM_PHE275,0.0,0.0
SYSTEM_SER276,0.0,0.0
SYSTEM_SER277,0.0,0.0
SYSTEM_TYR278,0.0,0.0
SYSTEM_PHE279,0.0,0.0
SYSTEM_VAL280,0.0,0.0
SYSTEM_TYR281,0.0,0.0
SYSTEM_LEU282,0.0,0.0
SYSTEM_ALA283,0.0,0.0
SYSTEM_GLU284,0.0,0.0
SYSTEM_LYS285,0.0,0.0
SYSTEM_ASP286,0.0,0.0
SYSTEM_ALA287,0.0,0.0
SYSTEM_VAL288,0.0,0.0
SYSTEM_ASN289,0.0,0.0
SYSTEM_GLU290,0.0,0.0
SYSTEM_SER291,0.0,0.0
SYSTEM_GLY292,0.0,0.0
SYSTEM_ARG293,0.0,0.0
SYSTEM_VAL294,0.0,0.0
SYSTEM_GLU295,0.0,0.0
SYSTEM_PHE296,0.0,0.0
SYSTEM_GLY297,0.0,0.0
SYSTEM_SER298,0.0,0.0
SYSTEM_TYR299,0.0,0.0
SYSTEM_ALA300,0.0,0.0
SYSTEM_ASP301,0.0,0.0
SYSTEM_ALA302,0.0,0.0
SYSTEM_LEU303,0.0,0.0
SYSTEM_TRP304,0.0,0.0
SYSTEM_TRP305,0.0,0.0
SYSTEM_GLY306,0.0,0.0
SYSTEM_VAL307,0.0,0.0
SYSTEM_VAL308,0.0,0.0
SYSTEM_THR309,0.0,0.0
SYSTEM_VAL310,0.0,0.0
SYSTEM_THR311,0.0,0.0
SYSTEM_THR312,0.0,0.0
SYSTEM_ILE313,0.0,0.0
SYSTEM_GLY314,0.0,0.0
SYSTEM_TYR315,0.0,0.0
SYSTEM_GLY316,0.0,0.0
SYSTEM_ASP317,0.0,0.0
SYSTEM_LYS318,0.0,0.0
SYSTEM_VAL319,0.0,0.0
SYSTEM_PRO320,0.0,0.0
SYSTEM_GLN321,0.0,0.0
SYSTEM_THR322,0.0,0.0
SYSTEM_TRP323,0.0,0.0
SYSTEM_VAL324,0.0,0.0
SYSTEM_GLY325,0.0,0.0
SYSTEM_LYS326,0.0,0.0
SYSTEM_THR327,0.0,0.0
SYSTEM_ILE328,0.0,0.0
SYSTEM_ALA329,0.0,0.0
SYSTEM_SER330,0.0,0.0
SYSTEM_CYS331,0.0,0.0
SYSTEM_PHE332,0.0,0.0
SYSTEM_SER333,0.0,0.0
SYSTEM_VAL334,0.0,0.0
SYSTEM_PHE335,0.0,0.0
SYSTEM_ALA336,0.0,0.0
SYSTEM_ILE337,0.0,0.0
SYSTEM_SER338,0.0,0.0
SYSTEM_PHE339,0.0,0.0
SYSTEM_PHE340,0.0,0.0
SYSTEM_ALA341,0.0,0.0
SYSTEM_LEU342,0.0,0.0
SYSTEM_PRO343,0.0,0.0
SYSTEM_ALA344,0.0,0.0
SYSTEM_GLY345,0.0,0.0
SYSTEM_ILE346,0.0,0.0
SYSTEM_LEU347,0.0,0.0
SYSTEM_GLY348,0.0,0.0
SYSTEM_SER349,0.0,0.0
SYSTEM_GLY350,0.0,0.0
SYSTEM_PHE351,0.0,0.0
SYSTEM_ALA352,0.0,0.0
SYSTEM_LEU353,0.0,0.0
SYSTEM_LYS354,0.0,0.0
SYSTEM_VAL355,0.0,0.0
SYSTEM_GLN356,0.0,0.0
SYSTEM_GLN357,0.0,0.0
SYSTEM_LYS358,0.0,0.0
SYSTEM_GLN359,0.0,0.0
SYSTEM_ARG360,0.0,0.0
SYSTEM_GLN361,0.0,0.0
SYSTEM_LYS362,0.0,0.0
SYSTEM_HIS363,0.0,0.0
SYSTEM_PHE364,0.0,0.0
SYSTEM_ASN365,0.0,0.0
SYSTEM_ARG366,0.0,0.0
SYSTEM_GLN367,0.0,0.0
SYSTEM_ILE368,0.0,0.0
SYSTEM_PRO369,0.0,0.0
SYSTEM_ALA370,0.0,0.0
SYSTEM_ALA371,0.0,0.0
SYSTEM_ALA372,0.0,0.0
SYSTEM_SER373,0.0,0.0
SYSTEM_LEU374,0.0,0.0
SYSTEM_ILE375,0.0,0.0
SYSTEM_GLN376,0.0,0.0
SYSTEM_THR377,0.0,0.0
SYSTEM_ALA378,0.0,0.0
SYSTEM_TRP379,0.0,0.0
SYSTEM_ARG380,0.0,0.0
SYSTEM_CYS381,0.0,0.0
SYSTEM_TYR382,0.0,0.0
SYSTEM_ALA383,0.0,0.0
SYSTEM_ALA384,0.0,0.0
SYSTEM_GLU385,0.0,0.0
SYSTEM_ASN386,0.0,0.0
SYSTEM_PRO387,0.0,0.0
SYSTEM_THR104,0.0,0.0
SYSTEM_HIS105,0.0,0.0
SYSTEM_VAL106,0.0,0.0
SYSTEM_GLN107,0.0,0.0
SYSTEM_GLY108,0.0,0.0
SYSTEM_ARG109,0.0,0.0
SYSTEM_VAL110,0.0,0.0
SYSTEM_TYR111,0.0,0.0
SYSTEM_ASN112,0.0,0.0
SYSTEM_PHE113,0.0,0.0
SYSTEM_LEU114,0.0,0.0
SYSTEM_GLU115,0.0,0.0
SYSTEM_ARG116,0.0,0.0
SYSTEM_PRO117,0.0,0.0
SYSTEM_THR118,0.0,0.0
SYSTEM_GLY119,0.0,0.0
SYSTEM_TRP120,0.0,0.0
SYSTEM_LYS121,0.0,0.0
SYSTEM_CYS122,0.0,0.0
SYSTEM_PHE123,0.0,0.0
SYSTEM_VAL124,0.0,0.0
SYSTEM_TYR125,0.0,0.0
SYSTEM_HIS126,0.0,0.0
SYSTEM_PHE127,0.0,0.0
SYSTEM_ALA128,0.0,0.0
SYSTEM_VAL129,0.0,0.0
SYSTEM_PHE130,0.0,0.0
SYSTEM_LEU131,0.0,0.0
SYSTEM_ILE132,0.0,0.0
SYSTEM_VAL133,0.0,0.0
SYSTEM_LEU134,0.0,0.0
SYSTEM_VAL135,0.0,0.0
SYSTEM_CYS136,0.0,0.0
SYSTEM_LEU137,0.0,0.0
SYSTEM_ILE138,0.0,0.0
SYSTEM_PHE139,0.0,0.0
SYSTEM_SER140,0.0,0.0
SYSTEM_VAL141,0.0,0.0
SYSTEM_LEU142,0.0,0.0
SYSTEM_SER143,0.0,0.0
SYSTEM_THR144,0.0,0.0
SYSTEM_ILE145,0.0,0.0
SYSTEM_GLU146,0.0,0.0
SYSTEM_GLN147,0.0,0.0
SYSTEM_TYR148,0.0,0.0
SYSTEM_ALA149,0.0,0.0
SYSTEM_ALA150,0.0,0.0
SYSTEM_LEU151,0.0,0.0
SYSTEM_ALA152,0.0,0.0
SYSTEM_THR153,0.0,0.0
SYSTEM_GLY154,0.0,0.0
SYSTEM_THR155,0.0,0.0
SYSTEM_LEU156,0.0,0.0
SYSTEM_PHE157,0.0,0.0
SYSTEM_TRP158,0.0,0.0
SYSTEM_MET159,0.0,0.0
SYSTEM_GLU160,0.0,0.0
SYSTEM_ILE161,0.0,0.0
SYSTEM_VAL162,0.0,0.0
SYSTEM_LEU163,0.0,0.0
SYSTEM_VAL164,0.0,0.0
SYSTEM_VAL165,0.0,0.0
SYSTEM_PHE166,0.0,0.0
SYSTEM_PHE167,0.0,0.0
SYSTEM_GLY168,0.0,0.0
SYSTEM_THR169,0.0,0.0
SYSTEM_GLU170,0.0,0.0
SYSTEM_TYR171,0.0,0.0
SYSTEM_VAL172,0.0,0.0
SYSTEM_VAL173,0.0,0.0
SYSTEM_ARG174,0.0,0.0
SYSTEM_LEU175,0.0,0.0
SYSTEM_TRP176,0.0,0.0
SYSTEM_SER177,0.0,0.0
SYSTEM_ALA178,0.0,0.0
SYSTEM_GLY179,0.0,0.0
SYSTEM_CYS180,0.0,0.0
SYSTEM_ARG181,0.0,0.0
SYSTEM_SER182,0.0,0.0
SYSTEM_LYS183,0.0,0.0
SYSTEM_TYR184,0.0,0.0
SYSTEM_VAL185,0.0,0.0
SYSTEM_GLY186,0.0,0.0
SYSTEM_LEU187,0.0,0.0
SYSTEM_TRP188,0.0,0.0
SYSTEM_GLY189,0.0,0.0
SYSTEM_ARG190,0.0,0.0
SYSTEM_LEU191,0.0,0.0
SYSTEM_ARG192,0.0,0.0
SYSTEM_PHE193,0.0,0.0
SYSTEM_ALA194,0.0,0.0
SYSTEM_ARG195,0.0,0.0
SYSTEM_LYS196,0.0,0.0
SYSTEM_PRO197,0.0,0.0
SYSTEM_ILE198,0.0,0.0
SYSTEM_SER199,0.0,0.0
SYSTEM_ILE200,0.0,0.0
SYSTEM_ILE201,0.0,0.0
SYSTEM_ASP202,0.0,0.0
SYSTEM_LEU203,0.0,0.0
SYSTEM_ILE204,0.0,0.0
SYSTEM_VAL205,0.0,0.0
SYSTEM_VAL206,0.0,0.0
SYSTEM_VAL207,0.0,0.0
SYSTEM_ALA208,0.0,0.0
SYSTEM_SER209,0.0,0.0
SYSTEM_MET210,0.0,0.0
SYSTEM_VAL211,0.0,0.0
SYSTEM_VAL212,0.0,0.0
SYSTEM_LEU213,0.0,0.0
SYSTEM_CYS214,0.0,0.0
SYSTEM_VAL215,0.0,0.0
SYSTEM_GLY216,0.0,0.0
SYSTEM_SER217,0.0,0.0
SYSTEM_LYS218,0.0,0.0
SYSTEM_GLY219,0.0,0.0
SYSTEM_GLN220,0.0,0.0
SYSTEM_VAL221,0.0,0.0
SYSTEM_PHE222,0.0,0.0
SYSTEM_ALA223,0.0,0.0
SYSTEM_THR224,0.0,0.0
SYSTEM_SER225,0.0,0.0
SYSTEM_ALA226,0.0,0.0
SYSTEM_ILE227,0.0,0.0
SYSTEM_ARG228,0.0,0.0
SYSTEM_GLY229,0.0,0.0
SYSTEM_ILE230,0.0,0.0
SYSTEM_ARG231,0.0,0.0
SYSTEM_PHE232,0.0,0.0
SYSTEM_LEU233,0.0,0.0
SYSTEM_GLN234,0.0,0.0
SYSTEM_ILE235,0.0,0.0
SYSTEM_LEU236,0.0,0.0
SYSTEM_ARG237,0.0,0.0
SYSTEM_MET238,0.0,0.0
SYSTEM_LEU239,0.0,0.0
SYSTEM_HIS240,0.0,0.0
SYSTEM_VAL241,0.0,0.0
SYSTEM_ASP242,0.0,0.0
SYSTEM_ARG243,0.0,0.0
SYSTEM_GLN244,0.0,0.0
SYSTEM_GLY245,0.0,0.0
SYSTEM_GLY246,0.0,0.0
SYSTEM_THR247,0.0,0.0
SYSTEM_TRP248,0.0,0.0
SYSTEM_ARG249,0.0,0.0
SYSTEM_LEU250,0.0,0.0
SYSTEM_LEU251,0.0,0.0
SYSTEM_GLY252,0.0,0.0
SYSTEM_SER253,0.0,0.0
SYSTEM_VAL254,0.0,0.0
SYSTEM_VAL255,0.0,0.0
SYSTEM_PHE256,0.0,0.0
SYSTEM_ILE257,0.0,0.0
SYSTEM_HIS258,0.0,0.0
SYSTEM_ARG259,0.0,0.0
SYSTEM_GLN260,0.0,0.0
SYSTEM_GLU261,0.0,0.0
SYSTEM_LEU262,0.0,0.0
SYSTEM_ILE263,0.0,0.0
SYSTEM_THR264,0.0,0.0
SYSTEM_THR265,0.0,0.0
SYSTEM_LEU266,0.0,0.0
SYSTEM_TYR267,0.0,0.0
SYSTEM_ILE268,0.0,0.0
SYSTEM_GLY269,0.0,0.0
SYSTEM_PHE270,0.0,0.0
SYSTEM_LEU271,0.0,0.0
SYSTEM_GLY272,0.0,0.0
SYSTEM_LEU273,0.0,0.0
SYSTEM_ILE274,0.0,0.0
SYSTEM_PHE275,0.0,0.0
SYSTEM_SER276,0.0,0.0
SYSTEM_SER277,0.0,0.0
SYSTEM_TYR278,0.0,0.0
SYSTEM_PHE279,0.0,0.0
SYSTEM_VAL280,0.0,0.0
SYSTEM_TYR281,0.0,0.0
SYSTEM_LEU282,0.0,0.0
SYSTEM_ALA283,0.0,0.0
SYSTEM_GLU284,0.0,0.0
SYSTEM_LYS285,0.0,0.0
SYSTEM_ASP286,0.0,0.0
SYSTEM_ALA287,0.0,0.0
SYSTEM_VAL288,0.0,0.0
SYSTEM_ASN289,0.0,0.0
SYSTEM_GLU290,0.0,0.0
SYSTEM_SER291,0.0,0.0
SYSTEM_GLY292,0.0,0.0
SYSTEM_ARG293,0.0,0.0
SYSTEM_VAL294,0.0,0.0
SYSTEM_GLU295,0.0,0.0
SYSTEM_PHE296,0.0,0.0
SYSTEM_GLY297,0.0,0.0
SYSTEM_SER298,0.0,0.0
SYSTEM_TYR299,0.0,0.0
SYSTEM_ALA300,0.0,0.0
SYSTEM_ASP301,0.0,0.0
SYSTEM_ALA302,0.0,0.0
SYSTEM_LEU303,0.0,0.0
SYSTEM_TRP304,0.0,0.0
SYSTEM_TRP305,0.0,0.0
SYSTEM_GLY306,0.0,0.0
SYSTEM_VAL307,0.0,0.0
SYSTEM_VAL308,0.0,0.0
SYSTEM_THR309,0.0,0.0
SYSTEM_VAL310,0.0,0.0
SYSTEM_THR311,0.0,0.0
SYSTEM_THR312,0.0,0.0
SYSTEM_ILE313,0.0,0.0
SYSTEM_GLY314,0.0,0.0
SYSTEM_TYR315,0.0,0.0
SYSTEM_GLY316,0.0,0.0
SYSTEM_ASP317,0.0,0.0
SYSTEM_LYS318,0.0,0.0
SYSTEM_VAL319,0.0,0.0
SYSTEM_PRO320,0.0,0.0
SYSTEM_GLN321,0.0,0.0
SYSTEM_THR322,0.0,0.0
SYSTEM_TRP323,0.0,0.0
SYSTEM_VAL324,0.0,0.0
SYSTEM_GLY325,0.0,0.0
SYSTEM_LYS326,0.0,0.0
SYSTEM_THR327,0.0,0.0
SYSTEM_ILE328,0.0,0.0
SYSTEM_ALA329,0.0,0.0
SYSTEM_SER330,0.0,0.0
SYSTEM_CYS331,0.0,0.0
SYSTEM_PHE332,0.0,0.0
SYSTEM_SER333,0.0,0.0
SYSTEM_VAL334,0.0,0.0
SYSTEM_PHE335,0.0,0.0
SYSTEM_ALA336,0.0,0.0
SYSTEM_ILE337,0.0,0.0
SYSTEM_SER338,0.0,0.0
SYSTEM_PHE339,0.0,0.0
SYSTEM_PHE340,0.0,0.0
SYSTEM_ALA341,0.0,0.0
SYSTEM_LEU342,0.0,0.0
SYSTEM_PRO343,0.0,0.0
SYSTEM_ALA344,0.0,0.0
SYSTEM_GLY345,0.0,0.0
SYSTEM_ILE346,0.0,0.0
SYSTEM_LEU347,0.0,0.0
SYSTEM_GLY348,0.0,0.0
SYSTEM_SER349,0.0,0.0
SYSTEM_GLY350,0.0,0.0
SYSTEM_PHE351,0.0,0.0
SYSTEM_ALA352,0.0,0.0
SYSTEM_LEU353,0.0,0.0
SYSTEM_LYS354,0.0,0.0
SYSTEM_VAL355,0.0,0.0
SYSTEM_GLN356,0.0,0.0
SYSTEM_GLN357,0.0,0.0
SYSTEM_LYS358,0.0,0.0
SYSTEM_GLN359,0.0,0.0
SYSTEM_ARG360,0.0,0.0
SYSTEM_GLN361,0.0,0.0
SYSTEM_LYS362,0.0,0.0
SYSTEM_HIS363,0.0,0.0
SYSTEM_PHE364,0.0,0.0
SYSTEM_ASN365,0.0,0.0
SYSTEM_ARG366,0.0,0.0
SYSTEM_GLN367,0.0,0.0
SYSTEM_ILE368,0.0,0.0
SYSTEM_PRO369,0.0,0.0
SYSTEM_ALA370,0.0,0.0
SYSTEM_ALA371,0.0,0.0
SYSTEM_ALA372,0.0,0.0
SYSTEM_SER373,0.0,0.0
SYSTEM_LEU374,0.0,0.0
SYSTEM_ILE375,0.0,0.0
SYSTEM_GLN376,0.0,0.0
SYSTEM_THR377,0.0,0.0
SYSTEM_ALA378,0.0,0.0
SYSTEM_TRP379,0.0,0.0
SYSTEM_ARG380,0.0,0.0
SYSTEM_CYS381,0.0,0.0
SYSTEM_TYR382,0.0,0.0
SYSTEM_ALA383,0.0,0.0
SYSTEM_ALA384,0.0,0.0
SYSTEM_GLU385,0.0,0.0
SYSTEM_ASN386,0.0,0.0
SYSTEM_PRO387,0.0,0.0
SYSTEM_THR104,0.0,0.0
SYSTEM_HIS105,0.0,0.0
SYSTEM_VAL106,0.0,0.0
SYSTEM_GLN107,0.0,0.0
SYSTEM_GLY108,0.0,0.0
SYSTEM_ARG109,0.0,0.0
SYSTEM_VAL110,0.0,0.0
SYSTEM_TYR111,0.0,0.0
SYSTEM_ASN112,0.0,0.0
SYSTEM_PHE113,0.0,0.0
SYSTEM_LEU114,0.0,0.0
SYSTEM_GLU115,0.0,0.0
SYSTEM_ARG116,0.0,0.0
SYSTEM_PRO117,0.0,0.0
SYSTEM_THR118,0.0,0.0
SYSTEM_GLY119,0.0,0.0
SYSTEM_TRP120,0.0,0.0
SYSTEM_LYS121,0.0,0.0
SYSTEM_CYS122,0.0,0.0
SYSTEM_PHE123,0.0,0.0
SYSTEM_VAL124,0.0,0.0
SYSTEM_TYR125,0.0,0.0
SYSTEM_HIS126,0.0,0.0
SYSTEM_PHE127,0.0,0.0
SYSTEM_ALA128,0.0,0.0
SYSTEM_VAL129,0.0,0.0
SYSTEM_PHE130,0.0,0.0
SYSTEM_LEU131,0.0,0.0
SYSTEM_ILE132,0.0,0.0
SYSTEM_VAL133,0.0,0.0
SYSTEM_LEU134,0.0,0.0
SYSTEM_VAL135,0.0,0.0
SYSTEM_CYS136,0.0,0.0
SYSTEM_LEU137,0.0,0.0
SYSTEM_ILE138,0.0,0.0
SYSTEM_PHE139,0.0,0.0
SYSTEM_SER140,0.0,0.0
SYSTEM_VAL141,0.0,0.0
SYSTEM_LEU142,0.0,0.0
SYSTEM_SER143,0.0,0.0
SYSTEM_THR144,0.0,0.0
SYSTEM_ILE145,0.0,0.0
SYSTEM_GLU146,0.0,0.0
SYSTEM_GLN147,0.0,0.0
SYSTEM_TYR148,0.0,0.0
SYSTEM_ALA149,0.0,0.0
SYSTEM_ALA150,0.0,0.0
SYSTEM_LEU151,0.0,0.0
SYSTEM_ALA152,0.0,0.0
SYSTEM_THR153,0.0,0.0
SYSTEM_GLY154,0.0,0.0
SYSTEM_THR155,0.0,0.0
SYSTEM_LEU156,0.0,0.0
SYSTEM_PHE157,0.0,0.0
SYSTEM_TRP158,0.0,0.0
SYSTEM_MET159,0.0,0.0
SYSTEM_GLU160,0.0,0.0
SYSTEM_ILE161,0.0,0.0
SYSTEM_VAL162,0.0,0.0
SYSTEM_LEU163,0.0,0.0
SYSTEM_VAL164,0.0,0.0
SYSTEM_VAL165,0.0,0.0
SYSTEM_PHE166,0.0,0.0
SYSTEM_PHE167,0.0,0.0
SYSTEM_GLY168,0.0,0.0
SYSTEM_THR169,0.0,0.0
SYSTEM_GLU170,0.0,0.0
SYSTEM_TYR171,0.0,0.0
SYSTEM_VAL172,0.0,0.0
SYSTEM_VAL173,0.0,0.0
SYSTEM_ARG174,0.0,0.0
SYSTEM_LEU175,0.0,0.0
SYSTEM_TRP176,0.0,0.0
SYSTEM_SER177,0.0,0.0
SYSTEM_ALA178,0.0,0.0
SYSTEM_GLY179,0.0,0.0
SYSTEM_CYS180,0.0,0.0
SYSTEM_ARG181,0.0,0.0
SYSTEM_SER182,0.0,0.0
SYSTEM_LYS183,0.0,0.0
SYSTEM_TYR184,0.0,0.0
SYSTEM_VAL185,0.0,0.0
SYSTEM_GLY186,0.0,0.0
SYSTEM_LEU187,0.0,0.0
SYSTEM_TRP188,0.0,0.0
SYSTEM_GLY189,0.0,0.0
SYSTEM_ARG190,0.0,0.0
SYSTEM_LEU191,0.0,0.0
SYSTEM_ARG192,0.0,0.0
SYSTEM_PHE193,0.0,0.0
SYSTEM_ALA194,0.0,0.0
SYSTEM_ARG195,0.0,0.0
SYSTEM_LYS196,0.0,0.0
SYSTEM_PRO197,0.0,0.0
SYSTEM_ILE198,0.0,0.0
SYSTEM_SER199,0.0,0.0
SYSTEM_ILE200,0.0,0.0
SYSTEM_ILE201,0.0,0.0
SYSTEM_ASP202,0.0,0.0
SYSTEM_LEU203,0.0,0.0
SYSTEM_ILE204,0.0,0.0
SYSTEM_VAL205,0.0,0.0
SYSTEM_VAL206,0.0,0.0
SYSTEM_VAL207,0.0,0.0
SYSTEM_ALA208,0.0,0.0
SYSTEM_SER209,0.0,0.0
SYSTEM_MET210,0.0,0.0
SYSTEM_VAL211,0.0,0.0
SYSTEM_VAL212,0.0,0.0
SYSTEM_LEU213,0.0,0.0
SYSTEM_CYS214,0.0,0.0
SYSTEM_VAL215,0.0,0.0
SYSTEM_GLY216,0.0,0.0
SYSTEM_SER217,0.0,0.0
SYSTEM_LYS218,0.0,0.0
SYSTEM_GLY219,0.0,0.0
SYSTEM_GLN220,0.0,0.0
SYSTEM_VAL221,0.0,0.0
SYSTEM_PHE222,0.0,0.0
SYSTEM_ALA223,0.0,0.0
SYSTEM_THR224,0.0,0.0
SYSTEM_SER225,0.0,0.0
SYSTEM_ALA226,0.0,0.0
SYSTEM_ILE227,0.0,0.0
SYSTEM_ARG228,0.0,0.0
SYSTEM_GLY229,0.0,0.0
SYSTEM_ILE230,0.0,0.0
SYSTEM_ARG231,0.0,0.0
SYSTEM_PHE232,0.0,0.0
SYSTEM_LEU233,0.0,0.0
SYSTEM_GLN234,0.0,0.0
SYSTEM_ILE235,0.0,0.0
SYSTEM_LEU236,0.0,0.0
SYSTEM_ARG237,0.0,0.0
SYSTEM_MET238,0.0,0.0
SYSTEM_LEU239,0.0,0.0
SYSTEM_HIS240,0.0,0.0
SYSTEM_VAL241,0.0,0.0
SYSTEM_ASP242,0.0,0.0
SYSTEM_ARG243,0.0,0.0
SYSTEM_GLN244,0.0,0.0
SYSTEM_GLY245,0.0,0.0
SYSTEM_GLY246,0.0,0.0
SYSTEM_THR247,0.0,0.0
SYSTEM_TRP248,0.0,0.0
SYSTEM_ARG249,0.0,0.0
SYSTEM_LEU250,0.0,0.0
SYSTEM_LEU251,0.0,0.0
SYSTEM_GLY252,0.0,0.0
SYSTEM_SER253,0.0,0.0
SYSTEM_VAL254,0.0,0.0
SYSTEM_VAL255,0.0,0.0
SYSTEM_PHE256,0.0,0.0
SYSTEM_ILE257,0.0,0.0
SYSTEM_HIS258,0.0,0.0
SYSTEM_ARG259,0.0,0.0
SYSTEM_GLN260,0.0,0.0
SYSTEM_GLU261,0.0,0.0
SYSTEM_LEU262,0.0,0.0
SYSTEM_ILE263,0.0,0.0
SYSTEM_THR264,0.0,0.0
SYSTEM_THR265,0.0,0.0
SYSTEM_LEU266,0.0,0.0
SYSTEM_TYR267,0.0,0.0
SYSTEM_ILE268,0.0,0.0
SYSTEM_GLY269,0.0,0.0
SYSTEM_PHE270,0.0,0.0
SYSTEM_LEU271,0.0,0.0
SYSTEM_GLY272,0.0,0.0
SYSTEM_LEU273,0.0,0.0
SYSTEM_ILE274,0.0,0.0
SYSTEM_PHE275,0.0,0.0
SYSTEM_SER276,0.0,0.0
SYSTEM_SER277,0.0,0.0
SYSTEM_TYR278,0.0,0.0
SYSTEM_PHE279,0.0,0.0
SYSTEM_VAL280,0.0,0.0
SYSTEM_TYR281,0.0,0.0
SYSTEM_LEU282,0.0,0.0
SYSTEM_ALA283,0.0,0.0
SYSTEM_GLU284,0.0,0.0
SYSTEM_LYS285,0.0,0.0
SYSTEM_ASP286,0.0,0.0
SYSTEM_ALA287,0.0,0.0
SYSTEM_VAL288,0.0,0.0
SYSTEM_ASN289,0.0,0.0
SYSTEM_GLU290,0.0,0.0
SYSTEM_SER291,0.0,0.0
SYSTEM_GLY292,0.0,0.0
SYSTEM_ARG293,0.0,0.0
SYSTEM_VAL294,0.0,0.0
SYSTEM_GLU295,0.0,0.0
SYSTEM_PHE296,0.0,0.0
SYSTEM_GLY297,0.0,0.0
SYSTEM_SER298,0.0,0.0
SYSTEM_TYR299,0.0,0.0
SYSTEM_ALA300,0.0,0.0
SYSTEM_ASP301,0.0,0.0
SYSTEM_ALA302,0.0,0.0
SYSTEM_LEU303,0.0,0.0
SYSTEM_TRP304,0.0,0.0
SYSTEM_TRP305,0.0,0.0
SYSTEM_GLY306,0.0,0.0
SYSTEM_VAL307,0.0,0.0
SYSTEM_VAL308,0.0,0.0
SYSTEM_THR309,0.0,0.0
SYSTEM_VAL310,0.0,0.0
SYSTEM_THR311,0.0,0.0
SYSTEM_THR312,0.0,0.0
SYSTEM_ILE313,0.0,0.0
SYSTEM_GLY314,0.0,0.0
SYSTEM_TYR315,0.0,0.0
SYSTEM_GLY316,0.0,0.0
SYSTEM_ASP317,0.0,0.0
SYSTEM_LYS318,0.0,0.0
SYSTEM_VAL319,0.0,0.0
SYSTEM_PRO320,0.0,0.0
SYSTEM_GLN321,0.0,0.0
SYSTEM_THR322,0.0,0.0
SYSTEM_TRP323,0.0,0.0
SYSTEM_VAL324,0.0,0.0
SYSTEM_GLY325,0.0,0.0
SYSTEM_LYS326,0.0,0.0
SYSTEM_THR327,0.0,0.0
SYSTEM_ILE328,0.0,0.0
SYSTEM_ALA329,0.0,0.0
SYSTEM_SER330,0.0,0.0
SYSTEM_CYS331,0.0,0.0
SYSTEM_PHE332,0.0,0.0
SYSTEM_SER333,0.0,0.0
SYSTEM_VAL334,0.0,0.0
SYSTEM_PHE335,0.0,0.0
SYSTEM_ALA336,0.0,0.0
SYSTEM_ILE337,0.0,0.0
SYSTEM_SER338,0.0,0.0
SYSTEM_PHE339,0.0,0.0
SYSTEM_PHE340,0.0,0.0
SYSTEM_ALA341,0.0,0.0
SYSTEM_LEU342,0.0,0.0
SYSTEM_PRO343,0.0,0.0
SYSTEM_ALA344,0.0,0.0
SYSTEM_GLY345,0.0,0.0
SYSTEM_ILE346,0.0,0.0
SYSTEM_LEU347,0.0,0.0
SYSTEM_GLY348,0.0,0.0
SYSTEM_SER349,0.0,0.0
SYSTEM_GLY350,0.0,0.0
SYSTEM_PHE351,0.0,0.0
SYSTEM_ALA352,0.0,0.0
SYSTEM_LEU353,0.0,0.0
SYSTEM_LYS354,0.0,0.0
SYSTEM_VAL355,0.0,0.0
SYSTEM_GLN356,0.0,0.0
SYSTEM_GLN357,0.0,0.0
SYSTEM_LYS358,0.0,0.0
SYSTEM_GLN359,0.0,0.0
SYSTEM_ARG360,0.0,0.0
SYSTEM_GLN361,0.0,0.0
SYSTEM_LYS362,0.0,0.0
SYSTEM_HIS363,0.0,0.0
SYSTEM_PHE364,0.0,0.0
SYSTEM_ASN365,0.0,0.0
SYSTEM_ARG366,0.0,0.0
SYSTEM_GLN367,0.0,0.0
SYSTEM_ILE368,0.0,0.0
SYSTEM_PRO369,0.0,0.0
SYSTEM_ALA370,0.0,0.0
SYSTEM_ALA371,0.0,0.0
SYSTEM_ALA372,0.0,0.0
SYSTEM_SER373,0.0,0.0
SYSTEM_LEU374,0.0,0.0
SYSTEM_ILE375,0.0,0.0
SYSTEM_GLN376,0.0,0.0
SYSTEM_THR377,0.0,0.0
SYSTEM_ALA378,0.0,0.0
SYSTEM_TRP379,0.0,0.0
SYSTEM_ARG380,0.0,0.0
SYSTEM_CYS381,0.0,0.0
SYSTEM_TYR382,0.0,0.0
SYSTEM_ALA383,0.0,0.0
SYSTEM_ALA384,0.0,0.0
SYSTEM_GLU385,0.0,0.0
SYSTEM_ASN386,0.0,0.0
SYSTEM_PRO387,0.0,0.0
SYSTEM_THR104,0.0,0.0
SYSTEM_HIS105,0.0,0.0
SYSTEM_VAL106,0.0,0.0
SYSTEM_GLN107,0.0,0.0
SYSTEM_GLY108,0.0,0.0
SYSTEM_ARG109,0.0,0.0
SYSTEM_VAL110,0.0,0.0
SYSTEM_TYR111,0.0,0.0
SYSTEM_ASN112,0.0,0.0
SYSTEM_PHE113,0.0,0.0
SYSTEM_LEU114,0.0,0.0
SYSTEM_GLU115,0.0,0.0
SYSTEM_ARG116,0.0,0.0
SYSTEM_PRO117,0.0,0.0
SYSTEM_THR118,0.0,0.0
SYSTEM_GLY119,0.0,0.0
SYSTEM_TRP120,0.0,0.0
SYSTEM_LYS121,0.0,0.0
SYSTEM_CYS122,0.0,0.0
SYSTEM_PHE123,0.0,0.0
SYSTEM_VAL124,0.0,0.0
SYSTEM_TYR125,0.0,0.0
SYSTEM_HIS126,0.0,0.0
SYSTEM_PHE127,0.0,0.0
SYSTEM_ALA128,0.0,0.0
SYSTEM_VAL129,0.0,0.0
SYSTEM_PHE130,0.0,0.0
SYSTEM_LEU131,0.0,0.0
SYSTEM_ILE132,0.0,0.0
SYSTEM_VAL133,0.0,0.0
SYSTEM_LEU134,0.0,0.0
SYSTEM_VAL135,0.0,0.0
SYSTEM_CYS136,0.0,0.0
SYSTEM_LEU137,0.0,0.0
SYSTEM_ILE138,0.0,0.0
SYSTEM_PHE139,0.0,0.0
SYSTEM_SER140,0.0,0.0
SYSTEM_VAL141,0.0,0.0
SYSTEM_LEU142,0.0,0.0
SYSTEM_SER143,0.0,0.0
SYSTEM_THR144,0.0,0.0
SYSTEM_ILE145,0.0,0.0
SYSTEM_GLU146,0.0,0.0
SYSTEM_GLN147,0.0,0.0
SYSTEM_TYR148,0.0,0.0
SYSTEM_ALA149,0.0,0.0
SYSTEM_ALA150,0.0,0.0
SYSTEM_LEU151,0.0,0.0
SYSTEM_ALA152,0.0,0.0
SYSTEM_THR153,0.0,0.0
SYSTEM_GLY154,0.0,0.0
SYSTEM_THR155,0.0,0.0
SYSTEM_LEU156,0.0,0.0
SYSTEM_PHE157,0.0,0.0
SYSTEM_TRP158,0.0,0.0
SYSTEM_MET159,0.0,0.0
SYSTEM_GLU160,0.0,0.0
SYSTEM_ILE161,0.0,0.0
SYSTEM_VAL162,0.0,0.0
SYSTEM_LEU163,0.0,0.0
SYSTEM_VAL164,0.0,0.0
SYSTEM_VAL165,0.0,0.0
SYSTEM_PHE166,0.0,0.0
SYSTEM_PHE167,0.0,0.0
SYSTEM_GLY168,0.0,0.0
SYSTEM_THR169,0.0,0.0
SYSTEM_GLU170,0.0,0.0
SYSTEM_TYR171,0.0,0.0
SYSTEM_VAL172,0.0,0.0
SYSTEM_VAL173,0.0,0.0
SYSTEM_ARG174,0.0,0.0
SYSTEM_LEU175,0.0,0.0
SYSTEM_TRP176,0.0,0.0
SYSTEM_SER177,0.0,0.0
SYSTEM_ALA178,0.0,0.0
SYSTEM_GLY179,0.0,0.0
SYSTEM_CYS180,0.0,0.0
SYSTEM_ARG181,0.0,0.0
SYSTEM_SER182,0.0,0.0
SYSTEM_LYS183,0.0,0.0
SYSTEM_TYR184,0.0,0.0
SYSTEM_VAL185,0.0,0.0
SYSTEM_GLY186,0.0,0.0
SYSTEM_LEU187,0.0,0.0
SYSTEM_TRP188,0.0,0.0
SYSTEM_GLY189,0.0,0.0
SYSTEM_ARG190,0.0,0.0
SYSTEM_LEU191,0.0,0.0
SYSTEM_ARG192,0.0,0.0
SYSTEM_PHE193,0.0,0.0
SYSTEM_ALA194,0.0,0.0
SYSTEM_ARG195,0.0,0.0
SYSTEM_LYS196,0.0,0.0
SYSTEM_PRO197,0.0,0.0
SYSTEM_ILE198,0.0,0.0
SYSTEM_SER199,0.0,0.0
SYSTEM_ILE200,0.0,0.0
SYSTEM_ILE201,0.0,0.0
SYSTEM_ASP202,0.0,0.0
SYSTEM_LEU203,0.0,0.0
SYSTEM_ILE204,0.0,0.0
SYSTEM_VAL205,0.0,0.0
SYSTEM_VAL206,0.0,0.0
SYSTEM_VAL207,0.0,0.0
SYSTEM_ALA208,0.0,0.0
SYSTEM_SER209,0.0,0.0
SYSTEM_MET210,0.0,0.0
SYSTEM_VAL211,0.0,0.0
SYSTEM_VAL212,0.0,0.0
SYSTEM_LEU213,0.0,0.0
SYSTEM_CYS214,0.0,0.0
SYSTEM_VAL215,0.0,0.0
SYSTEM_GLY216,0.0,0.0
SYSTEM_SER217,0.0,0.0
SYSTEM_LYS218,0.0,0.0
SYSTEM_GLY219,0.0,0.0
SYSTEM_GLN220,0.0,0.0
SYSTEM_VAL221,0.0,0.0
SYSTEM_PHE222,0.0,0.0
SYSTEM_ALA223,0.0,0.0
SYSTEM_THR224,0.0,0.0
SYSTEM_SER225,0.0,0.0
SYSTEM_ALA226,0.0,0.0
SYSTEM_ILE227,0.0,0.0
SYSTEM_ARG228,0.0,0.0
SYSTEM_GLY229,0.0,0.0
SYSTEM_ILE230,0.0,0.0
SYSTEM_ARG231,0.0,0.0
SYSTEM_PHE232,0.0,0.0
SYSTEM_LEU233,0.0,0.0
SYSTEM_GLN234,0.0,0.0
SYSTEM_ILE235,0.0,0.0
SYSTEM_LEU236,0.0,0.0
SYSTEM_ARG237,0.0,0.0
SYSTEM_MET238,0.0,0.0
SYSTEM_LEU239,0.0,0.0
SYSTEM_HIS240,0.0,0.0
SYSTEM_VAL241,0.0,0.0
SYSTEM_ASP242,0.0,0.0
SYSTEM_ARG243,0.0,0.0
SYSTEM_GLN244,0.0,0.0
SYSTEM_GLY245,0.0,0.0
SYSTEM_GLY246,0.0,0.0
SYSTEM_THR247,0.0,0.0
SYSTEM_TRP248,0.0,0.0
SYSTEM_ARG249,0.0,0.0
SYSTEM_LEU250,0.0,0.0
SYSTEM_LEU251,0.0,0.0
SYSTEM_GLY252,0.0,0.0
SYSTEM_SER253,0.0,0.0
SYSTEM_VAL254,0.0,0.0
SYSTEM_VAL255,0.0,0.0
SYSTEM_PHE256,0.0,0.0
SYSTEM_ILE257,0.0,0.0
SYSTEM_HIS258,0.0,0.0
SYSTEM_ARG259,0.0,0.0
SYSTEM_GLN260,0.0,0.0
SYSTEM_GLU261,0.0,0.0
SYSTEM_LEU262,0.0,0.0
SYSTEM_ILE263,0.0,0.0
SYSTEM_THR264,0.0,0.0
SYSTEM_THR265,0.0,0.0
SYSTEM_LEU266,0.0,0.0
SYSTEM_TYR267,0.0,0.0
SYSTEM_ILE268,0.0,0.0
SYSTEM_GLY269,0.0,0.0
SYSTEM_PHE270,0.0,0.0
SYSTEM_LEU271,0.0,0.0
SYSTEM_GLY272,0.0,0.0
SYSTEM_LEU273,0.0,0.0
SYSTEM_ILE274,0.0,0.0
SYSTEM_PHE275,0.0,0.0
SYSTEM_SER276,0.0,0.0
SYSTEM_SER277,0.0,0.0
SYSTEM_TYR278,0.0,0.0
SYSTEM_PHE279,0.0,0.0
SYSTEM_VAL280,0.0,0.0
SYSTEM_TYR281,0.0,0.0
SYSTEM_LEU282,0.0,0.0
SYSTEM_ALA283,0.0,0.0
SYSTEM_GLU284,0.0,0.0
SYSTEM_LYS285,0.0,0.0
SYSTEM_ASP286,0.0,0.0
SYSTEM_ALA287,0.0,0.0
SYSTEM_VAL288,0.0,0.0
SYSTEM_ASN289,0.0,0.0
SYSTEM_GLU290,0.0,0.0
SYSTEM_SER291,0.0,0.0
SYSTEM_GLY292,0.0,0.0
SYSTEM_ARG293,0.0,0.0
SYSTEM_VAL294,0.0,0.0
SYSTEM_GLU295,0.0,0.0
SYSTEM_PHE296,0.0,0.0
SYSTEM_GLY297,0.0,0.0
SYSTEM_SER298,0.0,0.0
SYSTEM_TYR299,0.0,0.0
SYSTEM_ALA300,0.0,0.0
SYSTEM_ASP301,0.0,0.0
SYSTEM_ALA302,0.0,0.0
SYSTEM_LEU303,0.0,0.0
SYSTEM_TRP304,0.0,0.0
SYSTEM_TRP305,0.0,0.0
SYSTEM_GLY306,0.0,0.0
SYSTEM_VAL307,0.0,0.0
SYSTEM_VAL308,0.0,0.0
SYSTEM_THR309,0.0,0.0
SYSTEM_VAL310,0.0,0.0
SYSTEM_THR311,0.0,0.0
SYSTEM_THR312,0.0,0.0
SYSTEM_ILE313,0.0,0.0
SYSTEM_GLY314,0.0,0.0
SYSTEM_TYR315,0.0,0.0
SYSTEM_GLY316,0.0,0.0
SYSTEM_ASP317,0.0,0.0
SYSTEM_LYS318,0.0,0.0
SYSTEM_VAL319,0.0,0.0
SYSTEM_PRO320,0.0,0.0
SYSTEM_GLN321,0.0,0.0
SYSTEM_THR322,0.0,0.0
SYSTEM_TRP323,0.0,0.0
SYSTEM_VAL324,0.0,0.0
SYSTEM_GLY325,0.0,0.0
SYSTEM_LYS326,0.0,0.0
SYSTEM_THR327,0.0,0.0
SYSTEM_ILE328,0.0,0.0
SYSTEM_ALA329,0.0,0.0
SYSTEM_SER330,0.0,0.0
SYSTEM_CYS331,0.0,0.0
SYSTEM_PHE332,0.0,0.0
SYSTEM_SER333,0.0,0.0
SYSTEM_VAL334,0.0,0.0
SYSTEM_PHE335,0.0,0.0
SYSTEM_ALA336,0.0,0.0
SYSTEM_ILE337,0.0,0.0
SYSTEM_SER338,0.0,0.0
SYSTEM_PHE339,0.0,0.0
SYSTEM_PHE340,0.0,0.0
SYSTEM_ALA341,0.0,0.0
SYSTEM_LEU342,0.0,0.0
SYSTEM_PRO343,0.0,0.0
SYSTEM_ALA344,0.0,0.0
SYSTEM_GLY345,0.0,0.0
SYSTEM_ILE346,0.0,0.0
SYSTEM_LEU347,0.0,0.0
SYSTEM_GLY348,0.0,0.0
SYSTEM_SER349,0.0,0.0
SYSTEM_GLY350,0.0,0.0
SYSTEM_PHE351,0.0,0.0
SYSTEM_ALA352,0.0,0.0
SYSTEM_LEU353,0.0,0.0
SYSTEM_LYS354,0.0,0.0
SYSTEM_VAL355,0.0,0.0
SYSTEM_GLN356,0.0,0.0
SYSTEM_GLN357,0.0,0.0
SYSTEM_LYS358,0.0,0.0
SYSTEM_GLN359,0.0,0.0
SYSTEM_ARG360,0.0,0.0
SYSTEM_GLN361,0.0,0.0
SYSTEM_LYS362,0.0,0.0
SYSTEM_HIS363,0.0,0.0
SYSTEM_PHE364,0.0,0.0
SYSTEM_ASN365,0.0,0.0
SYSTEM_ARG366,0.0,0.0
SYSTEM_GLN367,0.0,0.0
SYSTEM_ILE368,0.0,0.0
SYSTEM_PRO369,0.0,0.0
SYSTEM_ALA370,0.0,0.0
SYSTEM_ALA371,0.0,0.0
SYSTEM_ALA372,0.0,0.0
SYSTEM_SER373,0.0,0.0
SYSTEM_LEU374,0.0,0.0
SYSTEM_ILE375,0.0,0.0
SYSTEM_GLN376,0.0,0.0
SYSTEM_THR377,0.0,0.0
SYSTEM_ALA378,0.0,0.0
SYSTEM_TRP379,0.0,0.0
SYSTEM_ARG380,0.0,0.0
SYSTEM_CYS381,0.0,0.0
SYSTEM_TYR382,0.0,0.0
SYSTEM_ALA383,0.0,0.0
SYSTEM_ALA384,0.0,0.0
SYSTEM_GLU385,0.0,0.0
SYSTEM_ASN386,0.0,0.0
SYSTEM_PRO387,0.0,0.0
SYSTEM_LEU506,0.0,0.0
SYSTEM_ARG507,0.0,0.0
SYSTEM_GLU508,0.0,0.0
SYSTEM_HIS509,0.0,0.0
SYSTEM_HIS510,0.0,0.0
SYSTEM_ARG511,0.0,0.0
SYSTEM_ALA512,0.0,0.0
SYSTEM_THR513,0.0,0.0
SYSTEM_ILE514,0.0,0.0
SYSTEM_LYS515,0.0,0.0
SYSTEM_VAL516,0.0,0.0
SYSTEM_ILE517,0.0,0.0
SYSTEM_ARG518,0.0,0.0
SYSTEM_ARG519,0.0,0.0
SYSTEM_MET520,0.0,0.0
SYSTEM_GLN521,0.0,0.0
SYSTEM_TYR522,0.0,0.0
SYSTEM_PHE523,0.0,0.0
SYSTEM_VAL524,0.0,0.0
SYSTEM_ALA525,0.0,0.0
SYSTEM_LYS526,0.0,0.0
SYSTEM_LYS527,0.0,0.0
SYSTEM_LYS528,0.0,0.0
SYSTEM_PHE529,0.0,0.0
SYSTEM_GLN530,0.0,0.0
SYSTEM_GLN531,0.0,0.0
SYSTEM_ALA532,0.0,0.0
SYSTEM_ARG533,0.0,0.0
SYSTEM_LYS534,0.0,0.0
SYSTEM_PRO535,5.0,0.0024987506246876563
SYSTEM_TYR536,0.0,0.0
SYSTEM_ASP537,0.0,0.0
SYSTEM_VAL538,0.0,0.0
SYSTEM_ARG539,1.0,0.0004997501249375312
SYSTEM_ASP540,0.0,0.0
SYSTEM_VAL541,0.0,0.0
SYSTEM_ILE542,0.0,0.0
SYSTEM_GLU543,0.0,0.0
SYSTEM_GLN544,0.0,0.0
SYSTEM_TYR545,0.0,0.0
SYSTEM_SER546,0.0,0.0
SYSTEM_GLN547,0.0,0.0
SYSTEM_GLY548,0.0,0.0
SYSTEM_HIS549,0.0,0.0
SYSTEM_LEU550,0.0,0.0
SYSTEM_ASN551,0.0,0.0
SYSTEM_LEU552,0.0,0.0
SYSTEM_MET553,0.0,0.0
SYSTEM_VAL554,0.0,0.0
SYSTEM_ARG555,0.0,0.0
SYSTEM_ILE556,0.0,0.0
SYSTEM_LYS557,0.0,0.0
SYSTEM_GLU558,0.0,0.0
SYSTEM_LEU559,0.0,0.0
SYSTEM_GLN560,0.0,0.0
SYSTEM_ARG561,0.0,0.0
SYSTEM_ARG562,0.0,0.0
SYSTEM_LEU506,0.0,0.0
SYSTEM_ARG507,0.0,0.0
SYSTEM_GLU508,0.0,0.0
SYSTEM_HIS509,0.0,0.0
SYSTEM_HIS510,0.0,0.0
SYSTEM_ARG511,0.0,0.0
SYSTEM_ALA512,0.0,0.0
SYSTEM_THR513,0.0,0.0
SYSTEM_ILE514,0.0,0.0
SYSTEM_LYS515,0.0,0.0
SYSTEM_VAL516,0.0,0.0
SYSTEM_ILE517,0.0,0.0
SYSTEM_ARG518,0.0,0.0
SYSTEM_ARG519,0.0,0.0
SYSTEM_MET520,0.0,0.0
SYSTEM_GLN521,0.0,0.0
SYSTEM_TYR522,0.0,0.0
SYSTEM_PHE523,0.0,0.0
SYSTEM_VAL524,0.0,0.0
SYSTEM_ALA525,0.0,0.0
SYSTEM_LYS526,0.0,0.0
SYSTEM_LYS527,0.0,0.0
SYSTEM_LYS528,0.0,0.0
SYSTEM_PHE529,0.0,0.0
SYSTEM_GLN530,0.0,0.0
SYSTEM_GLN531,0.0,0.0
SYSTEM_ALA532,0.0,0.0
SYSTEM_ARG533,0.0,0.0
SYSTEM_LYS534,0.0,0.0
SYSTEM_PRO535,0.0,0.0
SYSTEM_TYR536,0.0,0.0
SYSTEM_ASP537,0.0,0.0
SYSTEM_VAL538,0.0,0.0
SYSTEM_ARG539,0.0,0.0
SYSTEM_ASP540,0.0,0.0
SYSTEM_VAL541,0.0,0.0
SYSTEM_ILE542,0.0,0.0
SYSTEM_GLU543,0.0,0.0
SYSTEM_GLN544,0.0,0.0
SYSTEM_TYR545,0.0,0.0
SYSTEM_SER546,0.0,0.0
SYSTEM_GLN547,0.0,0.0
SYSTEM_GLY548,0.0,0.0
SYSTEM_HIS549,0.0,0.0
SYSTEM_LEU550,0.0,0.0
SYSTEM_ASN551,0.0,0.0
SYSTEM_LEU552,0.0,0.0
SYSTEM_MET553,0.0,0.0
SYSTEM_VAL554,0.0,0.0
SYSTEM_ARG555,0.0,0.0
SYSTEM_ILE556,0.0,0.0
SYSTEM_LYS557,0.0,0.0
SYSTEM_GLU558,0.0,0.0
SYSTEM_LEU559,0.0,0.0
SYSTEM_GLN560,0.0,0.0
SYSTEM_ARG561,0.0,0.0
SYSTEM_ARG562,0.0,0.0
SYSTEM_LEU506,0.0,0.0
SYSTEM_ARG507,0.0,0.0
SYSTEM_GLU508,0.0,0.0
SYSTEM_HIS509,0.0,0.0
SYSTEM_HIS510,0.0,0.0
SYSTEM_ARG511,0.0,0.0
SYSTEM_ALA512,0.0,0.0
SYSTEM_THR513,0.0,0.0
SYSTEM_ILE514,0.0,0.0
SYSTEM_LYS515,0.0,0.0
SYSTEM_VAL516,0.0,0.0
SYSTEM_ILE517,0.0,0.0
SYSTEM_ARG518,0.0,0.0
SYSTEM_ARG519,0.0,0.0
SYSTEM_MET520,0.0,0.0
SYSTEM_GLN521,0.0,0.0
SYSTEM_TYR522,0.0,0.0
SYSTEM_PHE523,0.0,0.0
SYSTEM_VAL524,0.0,0.0
SYSTEM_ALA525,0.0,0.0
SYSTEM_LYS526,0.0,0.0
SYSTEM_LYS527,0.0,0.0
SYSTEM_LYS528,0.0,0.0
SYSTEM_PHE529,0.0,0.0
SYSTEM_GLN530,0.0,0.0
SYSTEM_GLN531,0.0,0.0
SYSTEM_ALA532,0.0,0.0
SYSTEM_ARG533,0.0,0.0
SYSTEM_LYS534,0.0,0.0
SYSTEM_PRO535,0.0,0.0
SYSTEM_TYR536,0.0,0.0
SYSTEM_ASP537,0.0,0.0
SYSTEM_VAL538,0.0,0.0
SYSTEM_ARG539,0.0,0.0
SYSTEM_ASP540,0.0,0.0
SYSTEM_VAL541,0.0,0.0
SYSTEM_ILE542,0.0,0.0
SYSTEM_GLU543,0.0,0.0
SYSTEM_GLN544,0.0,0.0
SYSTEM_TYR545,0.0,0.0
SYSTEM_SER546,0.0,0.0
SYSTEM_GLN547,0.0,0.0
SYSTEM_GLY548,0.0,0.0
SYSTEM_HIS549,0.0,0.0
SYSTEM_LEU550,0.0,0.0
SYSTEM_ASN551,0.0,0.0
SYSTEM_LEU552,0.0,0.0
SYSTEM_MET553,0.0,0.0
SYSTEM_VAL554,0.0,0.0
SYSTEM_ARG555,0.0,0.0
SYSTEM_ILE556,0.0,0.0
SYSTEM_LYS557,0.0,0.0
SYSTEM_GLU558,0.0,0.0
SYSTEM_LEU559,0.0,0.0
SYSTEM_GLN560,0.0,0.0
SYSTEM_ARG561,0.0,0.0
SYSTEM_ARG562,0.0,0.0
SYSTEM_LEU506,0.0,0.0
SYSTEM_ARG507,0.0,0.0
SYSTEM_GLU508,0.0,0.0
SYSTEM_HIS509,0.0,0.0
SYSTEM_HIS510,0.0,0.0
SYSTEM_ARG511,0.0,0.0
SYSTEM_ALA512,0.0,0.0
SYSTEM_THR513,0.0,0.0
SYSTEM_ILE514,0.0,0.0
SYSTEM_LYS515,0.0,0.0
SYSTEM_VAL516,0.0,0.0
SYSTEM_ILE517,0.0,0.0
SYSTEM_ARG518,0.0,0.0
SYSTEM_ARG519,0.0,0.0
SYSTEM_MET520,0.0,0.0
SYSTEM_GLN521,0.0,0.0
SYSTEM_TYR522,0.0,0.0
SYSTEM_PHE523,0.0,0.0
SYSTEM_VAL524,0.0,0.0
SYSTEM_ALA525,0.0,0.0
SYSTEM_LYS526,0.0,0.0
SYSTEM_LYS527,0.0,0.0
SYSTEM_LYS528,0.0,0.0
SYSTEM_PHE529,0.0,0.0
SYSTEM_GLN530,0.0,0.0
SYSTEM_GLN531,0.0,0.0
SYSTEM_ALA532,0.0,0.0
SYSTEM_ARG533,0.0,0.0
SYSTEM_LYS534,0.0,0.0
SYSTEM_PRO535,0.0,0.0
SYSTEM_TYR536,0.0,0.0
SYSTEM_ASP537,0.0,0.0
SYSTEM_VAL538,0.0,0.0
SYSTEM_ARG539,0.0,0.0
SYSTEM_ASP540,0.0,0.0
SYSTEM_VAL541,0.0,0.0
SYSTEM_ILE542,0.0,0.0
SYSTEM_GLU543,0.0,0.0
SYSTEM_GLN544,0.0,0.0
SYSTEM_TYR545,0.0,0.0
SYSTEM_SER546,0.0,0.0
SYSTEM_GLN547,0.0,0.0
SYSTEM_GLY548,0.0,0.0
SYSTEM_HIS549,0.0,0.0
SYSTEM_LEU550,0.0,0.0
SYSTEM_ASN551,0.0,0.0
SYSTEM_LEU552,0.0,0.0
SYSTEM_MET553,0.0,0.0
SYSTEM_VAL554,0.0,0.0
SYSTEM_ARG555,0.0,0.0
SYSTEM_ILE556,0.0,0.0
SYSTEM_LYS557,0.0,0.0
SYSTEM_GLU558,0.0,0.0
SYSTEM_LEU559,0.0,0.0
SYSTEM_GLN560,0.0,0.0
SYSTEM_ARG561,0.0,0.0
SYSTEM_ARG562,0.0,0.0
SYSTEM_ARG53,0.0,0.0
SYSTEM_ASP54,0.0,0.0
SYSTEM_ASP55,0.0,0.0
SYSTEM_ASN56,0.0,0.0
SYSTEM_SER57,0.0,0.0
SYSTEM_TYR58,0.0,0.0
SYSTEM_MET59,0.0,0.0
SYSTEM_TYR60,0.0,0.0
SYSTEM_ILE61,0.0,0.0
SYSTEM_LEU62,0.0,0.0
SYSTEM_PHE63,0.0,0.0
SYSTEM_VAL64,0.0,0.0
SYSTEM_MET65,0.0,0.0
SYSTEM_PHE66,0.0,0.0
SYSTEM_LEU67,0.0,0.0
SYSTEM_PHE68,0.0,0.0
SYSTEM_ALA69,0.0,0.0
SYSTEM_VAL70,0.0,0.0
SYSTEM_THR71,0.0,0.0
SYSTEM_VAL72,0.0,0.0
SYSTEM_GLY73,0.0,0.0
SYSTEM_SER74,0.0,0.0
SYSTEM_LEU75,0.0,0.0
SYSTEM_ILE76,0.0,0.0
SYSTEM_LEU77,0.0,0.0
SYSTEM_GLY78,0.0,0.0
SYSTEM_TYR79,0.0,0.0
SYSTEM_THR80,0.0,0.0
SYSTEM_ARG81,0.0,0.0
SYSTEM_SER82,0.0,0.0
SYSTEM_ARG83,0.0,0.0
SYSTEM_LYS84,0.0,0.0
SYSTEM_VAL85,0.0,0.0
SYSTEM_ASP86,0.0,0.0
SYSTEM_LYS87,0.0,0.0
SYSTEM_ARG88,0.0,0.0
SYSTEM_SER89,0.0,0.0
SYSTEM_ASP90,0.0,0.0
SYSTEM_PRO91,0.0,0.0
SYSTEM_TYR92,0.0,0.0
SYSTEM_ARG53,0.0,0.0
SYSTEM_ASP54,0.0,0.0
SYSTEM_ASP55,0.0,0.0
SYSTEM_ASN56,0.0,0.0
SYSTEM_SER57,0.0,0.0
SYSTEM_TYR58,0.0,0.0
SYSTEM_MET59,0.0,0.0
SYSTEM_TYR60,0.0,0.0
SYSTEM_ILE61,0.0,0.0
SYSTEM_LEU62,0.0,0.0
SYSTEM_PHE63,0.0,0.0
SYSTEM_VAL64,0.0,0.0
SYSTEM_MET65,0.0,0.0
SYSTEM_PHE66,0.0,0.0
SYSTEM_LEU67,0.0,0.0
SYSTEM_PHE68,0.0,0.0
SYSTEM_ALA69,0.0,0.0
SYSTEM_VAL70,0.0,0.0
SYSTEM_THR71,0.0,0.0
SYSTEM_VAL72,0.0,0.0
SYSTEM_GLY73,0.0,0.0
SYSTEM_SER74,0.0,0.0
SYSTEM_LEU75,0.0,0.0
SYSTEM_ILE76,0.0,0.0
SYSTEM_LEU77,0.0,0.0
SYSTEM_GLY78,0.0,0.0
SYSTEM_TYR79,0.0,0.0
SYSTEM_THR80,0.0,0.0
SYSTEM_ARG81,0.0,0.0
SYSTEM_SER82,0.0,0.0
SYSTEM_ARG83,0.0,0.0
SYSTEM_LYS84,0.0,0.0
SYSTEM_VAL85,0.0,0.0
SYSTEM_ASP86,0.0,0.0
SYSTEM_LYS87,0.0,0.0
SYSTEM_ARG88,0.0,0.0
SYSTEM_SER89,0.0,0.0
SYSTEM_ASP90,0.0,0.0
SYSTEM_PRO91,0.0,0.0
SYSTEM_TYR92,0.0,0.0
SYSTEM_ARG53,0.0,0.0
SYSTEM_ASP54,0.0,0.0
SYSTEM_ASP55,0.0,0.0
SYSTEM_ASN56,0.0,0.0
SYSTEM_SER57,0.0,0.0
SYSTEM_TYR58,0.0,0.0
SYSTEM_MET59,0.0,0.0
SYSTEM_TYR60,0.0,0.0
SYSTEM_ILE61,0.0,0.0
SYSTEM_LEU62,0.0,0.0
SYSTEM_PHE63,0.0,0.0
SYSTEM_VAL64,0.0,0.0
SYSTEM_MET65,0.0,0.0
SYSTEM_PHE66,0.0,0.0
SYSTEM_LEU67,0.0,0.0
SYSTEM_PHE68,0.0,0.0
SYSTEM_ALA69,0.0,0.0
SYSTEM_VAL70,0.0,0.0
SYSTEM_THR71,0.0,0.0
SYSTEM_VAL72,0.0,0.0
SYSTEM_GLY73,0.0,0.0
SYSTEM_SER74,0.0,0.0
SYSTEM_LEU75,0.0,0.0
SYSTEM_ILE76,0.0,0.0
SYSTEM_LEU77,0.0,0.0
SYSTEM_GLY78,0.0,0.0
SYSTEM_TYR79,0.0,0.0
SYSTEM_THR80,0.0,0.0
SYSTEM_ARG81,0.0,0.0
SYSTEM_SER82,0.0,0.0
SYSTEM_ARG83,0.0,0.0
SYSTEM_LYS84,0.0,0.0
SYSTEM_VAL85,0.0,0.0
SYSTEM_ASP86,0.0,0.0
SYSTEM_LYS87,0.0,0.0
SYSTEM_ARG88,0.0,0.0
SYSTEM_SER89,0.0,0.0
SYSTEM_ASP90,0.0,0.0
SYSTEM_PRO91,0.0,0.0
SYSTEM_TYR92,0.0,0.0
SYSTEM_ARG53,0.0,0.0
SYSTEM_ASP54,0.0,0.0
SYSTEM_ASP55,0.0,0.0
SYSTEM_ASN56,0.0,0.0
SYSTEM_SER57,0.0,0.0
SYSTEM_TYR58,0.0,0.0
SYSTEM_MET59,0.0,0.0
SYSTEM_TYR60,0.0,0.0
SYSTEM_ILE61,0.0,0.0
SYSTEM_LEU62,0.0,0.0
SYSTEM_PHE63,0.0,0.0
SYSTEM_VAL64,0.0,0.0
SYSTEM_MET65,0.0,0.0
SYSTEM_PHE66,0.0,0.0
SYSTEM_LEU67,0.0,0.0
SYSTEM_PHE68,0.0,0.0
SYSTEM_ALA69,0.0,0.0
SYSTEM_VAL70,0.0,0.0
SYSTEM_THR71,0.0,0.0
SYSTEM_VAL72,0.0,0.0
SYSTEM_GLY73,0.0,0.0
SYSTEM_SER74,0.0,0.0
SYSTEM_LEU75,0.0,0.0
SYSTEM_ILE76,0.0,0.0
SYSTEM_LEU77,244.0,0.12193903048475763
SYSTEM_GLY78,0.0,0.0
SYSTEM_TYR79,0.0,0.0
SYSTEM_THR80,2265.0,1.1319340329835081
SYSTEM_ARG81,16.0,0.0079960019990005
SYSTEM_SER82,644.0,0.3218390804597701
SYSTEM_ARG83,106037.0,52.992003998000996
SYSTEM_LYS84,403266.0,201.53223388305847
SYSTEM_VAL85,3905.0,1.9515242378810596
SYSTEM_ASP86,0.0,0.0
SYSTEM_LYS87,219.0,0.10944527736131934
SYSTEM_ARG88,0.0,0.0
SYSTEM_SER89,0.0,0.0
SYSTEM_ASP90,0.0,0.0
SYSTEM_PRO91,0.0,0.0
SYSTEM_TYR92,0.0,0.0
SYSTEM_THR6,0.0,0.0
SYSTEM_GLU7,0.0,0.0
SYSTEM_GLU8,0.0,0.0
SYSTEM_GLN9,0.0,0.0
SYSTEM_ILE10,0.0,0.0
SYSTEM_ALA11,0.0,0.0
SYSTEM_GLU12,0.0,0.0
SYSTEM_PHE13,0.0,0.0
SYSTEM_LYS14,0.0,0.0
SYSTEM_GLU15,0.0,0.0
SYSTEM_ALA16,0.0,0.0
SYSTEM_PHE17,0.0,0.0
SYSTEM_SER18,0.0,0.0
SYSTEM_LEU19,0.0,0.0
SYSTEM_PHE20,0.0,0.0
SYSTEM_ASP21,0.0,0.0
SYSTEM_LYS22,0.0,0.0
SYSTEM_ASP23,0.0,0.0
SYSTEM_GLY24,0.0,0.0
SYSTEM_ASP25,0.0,0.0
SYSTEM_GLY26,0.0,0.0
SYSTEM_THR27,0.0,0.0
SYSTEM_ILE28,0.0,0.0
SYSTEM_THR29,0.0,0.0
SYSTEM_THR30,0.0,0.0
SYSTEM_LYS31,0.0,0.0
SYSTEM_GLU32,0.0,0.0
SYSTEM_LEU33,0.0,0.0
SYSTEM_GLY34,0.0,0.0
SYSTEM_THR35,0.0,0.0
SYSTEM_VAL36,0.0,0.0
SYSTEM_MET37,0.0,0.0
SYSTEM_ARG38,31.0,0.015492253873063468
SYSTEM_SER39,0.0,0.0
SYSTEM_LEU40,0.0,0.0
SYSTEM_GLY41,0.0,0.0
SYSTEM_GLN42,0.0,0.0
SYSTEM_ASN43,15156.0,7.574212893553224
SYSTEM_PRO44,232.0,0.11594202898550725
SYSTEM_THR45,3075.0,1.5367316341829085
SYSTEM_GLU46,9.0,0.004497751124437781
SYSTEM_ALA47,0.0,0.0
SYSTEM_GLU48,1.0,0.0004997501249375312
SYSTEM_LEU49,0.0,0.0
SYSTEM_GLN50,0.0,0.0
SYSTEM_ASP51,0.0,0.0
SYSTEM_MET52,0.0,0.0
SYSTEM_ILE53,0.0,0.0
SYSTEM_ASN54,0.0,0.0
SYSTEM_GLU55,0.0,0.0
SYSTEM_VAL56,0.0,0.0
SYSTEM_ASP57,0.0,0.0
SYSTEM_ALA58,0.0,0.0
SYSTEM_ASP59,0.0,0.0
SYSTEM_GLY60,0.0,0.0
SYSTEM_ASN61,0.0,0.0
SYSTEM_GLY62,0.0,0.0
SYSTEM_THR63,0.0,0.0
SYSTEM_ILE64,0.0,0.0
SYSTEM_ASP65,0.0,0.0
SYSTEM_PHE66,0.0,0.0
SYSTEM_PRO67,0.0,0.0
SYSTEM_GLU68,0.0,0.0
SYSTEM_PHE69,0.0,0.0
SYSTEM_LEU70,0.0,0.0
SYSTEM_THR71,0.0,0.0
SYSTEM_MET72,0.0,0.0
SYSTEM_MET73,0.0,0.0
SYSTEM_ALA74,0.0,0.0
SYSTEM_ARG75,0.0,0.0
SYSTEM_LYS76,0.0,0.0
SYSTEM_MET77,0.0,0.0
SYSTEM_LYS78,0.0,0.0
SYSTEM_ASP79,0.0,0.0
SYSTEM_THR80,0.0,0.0
SYSTEM_ASP81,0.0,0.0
SYSTEM_SER82,0.0,0.0
SYSTEM_GLU83,0.0,0.0
SYSTEM_GLU84,0.0,0.0
SYSTEM_GLU85,0.0,0.0
SYSTEM_ILE86,0.0,0.0
SYSTEM_ARG87,0.0,0.0
SYSTEM_GLU88,0.0,0.0
SYSTEM_ALA89,0.0,0.0
SYSTEM_PHE90,0.0,0.0
SYSTEM_ARG91,0.0,0.0
SYSTEM_VAL92,0.0,0.0
SYSTEM_PHE93,0.0,0.0
SYSTEM_ASP94,0.0,0.0
SYSTEM_LYS95,0.0,0.0
SYSTEM_ASP96,0.0,0.0
SYSTEM_GLY97,0.0,0.0
SYSTEM_ASN98,0.0,0.0
SYSTEM_GLY99,0.0,0.0
SYSTEM_TYR100,0.0,0.0
SYSTEM_ILE101,0.0,0.0
SYSTEM_SER102,0.0,0.0
SYSTEM_ALA103,0.0,0.0
SYSTEM_ALA104,0.0,0.0
SYSTEM_GLU105,0.0,0.0
SYSTEM_LEU106,0.0,0.0
SYSTEM_ARG107,0.0,0.0
SYSTEM_HIS108,0.0,0.0
SYSTEM_VAL109,0.0,0.0
SYSTEM_MET110,0.0,0.0
SYSTEM_THR111,0.0,0.0
SYSTEM_ASN112,0.0,0.0
SYSTEM_LEU113,0.0,0.0
SYSTEM_GLY114,0.0,0.0
SYSTEM_GLU115,0.0,0.0
SYSTEM_LYS116,0.0,0.0
SYSTEM_LEU117,0.0,0.0
SYSTEM_THR118,0.0,0.0
SYSTEM_ASP119,0.0,0.0
SYSTEM_GLU120,0.0,0.0
SYSTEM_GLU121,0.0,0.0
SYSTEM_VAL122,0.0,0.0
SYSTEM_ASP123,0.0,0.0
SYSTEM_GLU124,0.0,0.0
SYSTEM_MET125,0.0,0.0
SYSTEM_ILE126,0.0,0.0
SYSTEM_ARG127,0.0,0.0
SYSTEM_GLU128,0.0,0.0
SYSTEM_ALA129,0.0,0.0
SYSTEM_ASP130,0.0,0.0
SYSTEM_ILE131,0.0,0.0
SYSTEM_ASP132,0.0,0.0
SYSTEM_GLY133,0.0,0.0
SYSTEM_ASP134,0.0,0.0
SYSTEM_GLY135,0.0,0.0
SYSTEM_GLN136,0.0,0.0
SYSTEM_VAL137,0.0,0.0
SYSTEM_ASN138,0.0,0.0
SYSTEM_TYR139,0.0,0.0
SYSTEM_GLU140,0.0,0.0
SYSTEM_GLU141,0.0,0.0
SYSTEM_PHE142,0.0,0.0
SYSTEM_VAL143,0.0,0.0
SYSTEM_GLN144,0.0,0.0
SYSTEM_MET145,0.0,0.0
SYSTEM_MET146,0.0,0.0
SYSTEM_THR147,0.0,0.0
SYSTEM_ALA148,0.0,0.0
SYSTEM_LYS149,0.0,0.0
SYSTEM_THR6,0.0,0.0
SYSTEM_GLU7,0.0,0.0
SYSTEM_GLU8,0.0,0.0
SYSTEM_GLN9,0.0,0.0
SYSTEM_ILE10,0.0,0.0
SYSTEM_ALA11,0.0,0.0
SYSTEM_GLU12,0.0,0.0
SYSTEM_PHE13,0.0,0.0
SYSTEM_LYS14,0.0,0.0
SYSTEM_GLU15,0.0,0.0
SYSTEM_ALA16,0.0,0.0
SYSTEM_PHE17,0.0,0.0
SYSTEM_SER18,0.0,0.0
SYSTEM_LEU19,0.0,0.0
SYSTEM_PHE20,0.0,0.0
SYSTEM_ASP21,0.0,0.0
SYSTEM_LYS22,0.0,0.0
SYSTEM_ASP23,0.0,0.0
SYSTEM_GLY24,0.0,0.0
SYSTEM_ASP25,0.0,0.0
SYSTEM_GLY26,0.0,0.0
SYSTEM_THR27,0.0,0.0
SYSTEM_ILE28,0.0,0.0
SYSTEM_THR29,0.0,0.0
SYSTEM_THR30,0.0,0.0
SYSTEM_LYS31,0.0,0.0
SYSTEM_GLU32,0.0,0.0
SYSTEM_LEU33,0.0,0.0
SYSTEM_GLY34,0.0,0.0
SYSTEM_THR35,0.0,0.0
SYSTEM_VAL36,0.0,0.0
SYSTEM_MET37,0.0,0.0
SYSTEM_ARG38,0.0,0.0
SYSTEM_SER39,0.0,0.0
SYSTEM_LEU40,0.0,0.0
SYSTEM_GLY41,0.0,0.0
SYSTEM_GLN42,0.0,0.0
SYSTEM_ASN43,0.0,0.0
SYSTEM_PRO44,0.0,0.0
SYSTEM_THR45,0.0,0.0
SYSTEM_GLU46,0.0,0.0
SYSTEM_ALA47,0.0,0.0
SYSTEM_GLU48,0.0,0.0
SYSTEM_LEU49,0.0,0.0
SYSTEM_GLN50,0.0,0.0
SYSTEM_ASP51,0.0,0.0
SYSTEM_MET52,0.0,0.0
SYSTEM_ILE53,0.0,0.0
SYSTEM_ASN54,0.0,0.0
SYSTEM_GLU55,0.0,0.0
SYSTEM_VAL56,0.0,0.0
SYSTEM_ASP57,0.0,0.0
SYSTEM_ALA58,0.0,0.0
SYSTEM_ASP59,0.0,0.0
SYSTEM_GLY60,0.0,0.0
SYSTEM_ASN61,0.0,0.0
SYSTEM_GLY62,0.0,0.0
SYSTEM_THR63,0.0,0.0
SYSTEM_ILE64,0.0,0.0
SYSTEM_ASP65,0.0,0.0
SYSTEM_PHE66,0.0,0.0
SYSTEM_PRO67,0.0,0.0
SYSTEM_GLU68,0.0,0.0
SYSTEM_PHE69,0.0,0.0
SYSTEM_LEU70,0.0,0.0
SYSTEM_THR71,0.0,0.0
SYSTEM_MET72,0.0,0.0
SYSTEM_MET73,0.0,0.0
SYSTEM_ALA74,0.0,0.0
SYSTEM_ARG75,0.0,0.0
SYSTEM_LYS76,0.0,0.0
SYSTEM_MET77,0.0,0.0
SYSTEM_LYS78,0.0,0.0
SYSTEM_ASP79,0.0,0.0
SYSTEM_THR80,0.0,0.0
SYSTEM_ASP81,0.0,0.0
SYSTEM_SER82,0.0,0.0
SYSTEM_GLU83,0.0,0.0
SYSTEM_GLU84,0.0,0.0
SYSTEM_GLU85,0.0,0.0
SYSTEM_ILE86,0.0,0.0
SYSTEM_ARG87,0.0,0.0
SYSTEM_GLU88,0.0,0.0
SYSTEM_ALA89,0.0,0.0
SYSTEM_PHE90,0.0,0.0
SYSTEM_ARG91,0.0,0.0
SYSTEM_VAL92,0.0,0.0
SYSTEM_PHE93,0.0,0.0
SYSTEM_ASP94,0.0,0.0
SYSTEM_LYS95,0.0,0.0
SYSTEM_ASP96,0.0,0.0
SYSTEM_GLY97,0.0,0.0
SYSTEM_ASN98,0.0,0.0
SYSTEM_GLY99,0.0,0.0
SYSTEM_TYR100,0.0,0.0
SYSTEM_ILE101,0.0,0.0
SYSTEM_SER102,0.0,0.0
SYSTEM_ALA103,0.0,0.0
SYSTEM_ALA104,0.0,0.0
SYSTEM_GLU105,0.0,0.0
SYSTEM_LEU106,0.0,0.0
SYSTEM_ARG107,0.0,0.0
SYSTEM_HIS108,0.0,0.0
SYSTEM_VAL109,0.0,0.0
SYSTEM_MET110,0.0,0.0
SYSTEM_THR111,0.0,0.0
SYSTEM_ASN112,0.0,0.0
SYSTEM_LEU113,0.0,0.0
SYSTEM_GLY114,0.0,0.0
SYSTEM_GLU115,0.0,0.0
SYSTEM_LYS116,0.0,0.0
SYSTEM_LEU117,0.0,0.0
SYSTEM_THR118,0.0,0.0
SYSTEM_ASP119,0.0,0.0
SYSTEM_GLU120,0.0,0.0
SYSTEM_GLU121,0.0,0.0
SYSTEM_VAL122,0.0,0.0
SYSTEM_ASP123,0.0,0.0
SYSTEM_GLU124,0.0,0.0
SYSTEM_MET125,0.0,0.0
SYSTEM_ILE126,0.0,0.0
SYSTEM_ARG127,0.0,0.0
SYSTEM_GLU128,0.0,0.0
SYSTEM_ALA129,0.0,0.0
SYSTEM_ASP130,0.0,0.0
SYSTEM_ILE131,0.0,0.0
SYSTEM_ASP132,0.0,0.0
SYSTEM_GLY133,0.0,0.0
SYSTEM_ASP134,0.0,0.0
SYSTEM_GLY135,0.0,0.0
SYSTEM_GLN136,0.0,0.0
SYSTEM_VAL137,0.0,0.0
SYSTEM_ASN138,0.0,0.0
SYSTEM_TYR139,0.0,0.0
SYSTEM_GLU140,0.0,0.0
SYSTEM_GLU141,0.0,0.0
SYSTEM_PHE142,0.0,0.0
SYSTEM_VAL143,0.0,0.0
SYSTEM_GLN144,0.0,0.0
SYSTEM_MET145,0.0,0.0
SYSTEM_MET146,0.0,0.0
SYSTEM_THR147,0.0,0.0
SYSTEM_ALA148,0.0,0.0
SYSTEM_LYS149,0.0,0.0
SYSTEM_THR6,0.0,0.0
SYSTEM_GLU7,0.0,0.0
SYSTEM_GLU8,0.0,0.0
SYSTEM_GLN9,0.0,0.0
SYSTEM_ILE10,0.0,0.0
SYSTEM_ALA11,0.0,0.0
SYSTEM_GLU12,0.0,0.0
SYSTEM_PHE13,0.0,0.0
SYSTEM_LYS14,0.0,0.0
SYSTEM_GLU15,0.0,0.0
SYSTEM_ALA16,0.0,0.0
SYSTEM_PHE17,0.0,0.0
SYSTEM_SER18,0.0,0.0
SYSTEM_LEU19,0.0,0.0
SYSTEM_PHE20,0.0,0.0
SYSTEM_ASP21,0.0,0.0
SYSTEM_LYS22,0.0,0.0
SYSTEM_ASP23,0.0,0.0
SYSTEM_GLY24,0.0,0.0
SYSTEM_ASP25,0.0,0.0
SYSTEM_GLY26,0.0,0.0
SYSTEM_THR27,0.0,0.0
SYSTEM_ILE28,0.0,0.0
SYSTEM_THR29,0.0,0.0
SYSTEM_THR30,0.0,0.0
SYSTEM_LYS31,0.0,0.0
SYSTEM_GLU32,0.0,0.0
SYSTEM_LEU33,0.0,0.0
SYSTEM_GLY34,0.0,0.0
SYSTEM_THR35,0.0,0.0
SYSTEM_VAL36,0.0,0.0
SYSTEM_MET37,0.0,0.0
SYSTEM_ARG38,0.0,0.0
SYSTEM_SER39,0.0,0.0
SYSTEM_LEU40,0.0,0.0
SYSTEM_GLY41,0.0,0.0
SYSTEM_GLN42,0.0,0.0
SYSTEM_ASN43,0.0,0.0
SYSTEM_PRO44,0.0,0.0
SYSTEM_THR45,0.0,0.0
SYSTEM_GLU46,0.0,0.0
SYSTEM_ALA47,0.0,0.0
SYSTEM_GLU48,0.0,0.0
SYSTEM_LEU49,0.0,0.0
SYSTEM_GLN50,0.0,0.0
SYSTEM_ASP51,0.0,0.0
SYSTEM_MET52,0.0,0.0
SYSTEM_ILE53,0.0,0.0
SYSTEM_ASN54,0.0,0.0
SYSTEM_GLU55,0.0,0.0
SYSTEM_VAL56,0.0,0.0
SYSTEM_ASP57,0.0,0.0
SYSTEM_ALA58,0.0,0.0
SYSTEM_ASP59,0.0,0.0
SYSTEM_GLY60,0.0,0.0
SYSTEM_ASN61,0.0,0.0
SYSTEM_GLY62,0.0,0.0
SYSTEM_THR63,0.0,0.0
SYSTEM_ILE64,0.0,0.0
SYSTEM_ASP65,0.0,0.0
SYSTEM_PHE66,0.0,0.0
SYSTEM_PRO67,0.0,0.0
SYSTEM_GLU68,0.0,0.0
SYSTEM_PHE69,0.0,0.0
SYSTEM_LEU70,0.0,0.0
SYSTEM_THR71,0.0,0.0
SYSTEM_MET72,0.0,0.0
SYSTEM_MET73,0.0,0.0
SYSTEM_ALA74,0.0,0.0
SYSTEM_ARG75,0.0,0.0
SYSTEM_LYS76,0.0,0.0
SYSTEM_MET77,0.0,0.0
SYSTEM_LYS78,0.0,0.0
SYSTEM_ASP79,0.0,0.0
SYSTEM_THR80,0.0,0.0
SYSTEM_ASP81,0.0,0.0
SYSTEM_SER82,0.0,0.0
SYSTEM_GLU83,0.0,0.0
SYSTEM_GLU84,0.0,0.0
SYSTEM_GLU85,0.0,0.0
SYSTEM_ILE86,0.0,0.0
SYSTEM_ARG87,0.0,0.0
SYSTEM_GLU88,0.0,0.0
SYSTEM_ALA89,0.0,0.0
SYSTEM_PHE90,0.0,0.0
SYSTEM_ARG91,0.0,0.0
SYSTEM_VAL92,0.0,0.0
SYSTEM_PHE93,0.0,0.0
SYSTEM_ASP94,0.0,0.0
SYSTEM_LYS95,0.0,0.0
SYSTEM_ASP96,0.0,0.0
SYSTEM_GLY97,0.0,0.0
SYSTEM_ASN98,0.0,0.0
SYSTEM_GLY99,0.0,0.0
SYSTEM_TYR100,0.0,0.0
SYSTEM_ILE101,0.0,0.0
SYSTEM_SER102,0.0,0.0
SYSTEM_ALA103,0.0,0.0
SYSTEM_ALA104,0.0,0.0
SYSTEM_GLU105,0.0,0.0
SYSTEM_LEU106,0.0,0.0
SYSTEM_ARG107,0.0,0.0
SYSTEM_HIS108,0.0,0.0
SYSTEM_VAL109,0.0,0.0
SYSTEM_MET110,0.0,0.0
SYSTEM_THR111,0.0,0.0
SYSTEM_ASN112,0.0,0.0
SYSTEM_LEU113,0.0,0.0
SYSTEM_GLY114,0.0,0.0
SYSTEM_GLU115,0.0,0.0
SYSTEM_LYS116,0.0,0.0
SYSTEM_LEU117,0.0,0.0
SYSTEM_THR118,0.0,0.0
SYSTEM_ASP119,0.0,0.0
SYSTEM_GLU120,0.0,0.0
SYSTEM_GLU121,0.0,0.0
SYSTEM_VAL122,0.0,0.0
SYSTEM_ASP123,0.0,0.0
SYSTEM_GLU124,0.0,0.0
SYSTEM_MET125,0.0,0.0
SYSTEM_ILE126,0.0,0.0
SYSTEM_ARG127,0.0,0.0
SYSTEM_GLU128,0.0,0.0
SYSTEM_ALA129,0.0,0.0
SYSTEM_ASP130,0.0,0.0
SYSTEM_ILE131,0.0,0.0
SYSTEM_ASP132,0.0,0.0
SYSTEM_GLY133,0.0,0.0
SYSTEM_ASP134,0.0,0.0
SYSTEM_GLY135,0.0,0.0
SYSTEM_GLN136,0.0,0.0
SYSTEM_VAL137,0.0,0.0
SYSTEM_ASN138,0.0,0.0
SYSTEM_TYR139,0.0,0.0
SYSTEM_GLU140,0.0,0.0
SYSTEM_GLU141,0.0,0.0
SYSTEM_PHE142,0.0,0.0
SYSTEM_VAL143,0.0,0.0
SYSTEM_GLN144,0.0,0.0
SYSTEM_MET145,0.0,0.0
SYSTEM_MET146,0.0,0.0
SYSTEM_THR147,0.0,0.0
SYSTEM_ALA148,0.0,0.0
SYSTEM_LYS149,0.0,0.0
SYSTEM_THR6,0.0,0.0
SYSTEM_GLU7,0.0,0.0
SYSTEM_GLU8,0.0,0.0
SYSTEM_GLN9,0.0,0.0
SYSTEM_ILE10,0.0,0.0
SYSTEM_ALA11,0.0,0.0
SYSTEM_GLU12,0.0,0.0
SYSTEM_PHE13,0.0,0.0
SYSTEM_LYS14,0.0,0.0
SYSTEM_GLU15,0.0,0.0
SYSTEM_ALA16,0.0,0.0
SYSTEM_PHE17,0.0,0.0
SYSTEM_SER18,0.0,0.0
SYSTEM_LEU19,0.0,0.0
SYSTEM_PHE20,0.0,0.0
SYSTEM_ASP21,0.0,0.0
SYSTEM_LYS22,0.0,0.0
SYSTEM_ASP23,0.0,0.0
SYSTEM_GLY24,0.0,0.0
SYSTEM_ASP25,0.0,0.0
SYSTEM_GLY26,0.0,0.0
SYSTEM_THR27,0.0,0.0
SYSTEM_ILE28,0.0,0.0
SYSTEM_THR29,0.0,0.0
SYSTEM_THR30,0.0,0.0
SYSTEM_LYS31,0.0,0.0
SYSTEM_GLU32,0.0,0.0
SYSTEM_LEU33,0.0,0.0
SYSTEM_GLY34,0.0,0.0
SYSTEM_THR35,0.0,0.0
SYSTEM_VAL36,0.0,0.0
SYSTEM_MET37,0.0,0.0
SYSTEM_ARG38,0.0,0.0
SYSTEM_SER39,0.0,0.0
SYSTEM_LEU40,0.0,0.0
SYSTEM_GLY41,0.0,0.0
SYSTEM_GLN42,0.0,0.0
SYSTEM_ASN43,0.0,0.0
SYSTEM_PRO44,0.0,0.0
SYSTEM_THR45,0.0,0.0
SYSTEM_GLU46,0.0,0.0
SYSTEM_ALA47,0.0,0.0
SYSTEM_GLU48,0.0,0.0
SYSTEM_LEU49,0.0,0.0
SYSTEM_GLN50,0.0,0.0
SYSTEM_ASP51,0.0,0.0
SYSTEM_MET52,0.0,0.0
SYSTEM_ILE53,0.0,0.0
SYSTEM_ASN54,0.0,0.0
SYSTEM_GLU55,0.0,0.0
SYSTEM_VAL56,0.0,0.0
SYSTEM_ASP57,0.0,0.0
SYSTEM_ALA58,0.0,0.0
SYSTEM_ASP59,0.0,0.0
SYSTEM_GLY60,0.0,0.0
SYSTEM_ASN61,0.0,0.0
SYSTEM_GLY62,0.0,0.0
SYSTEM_THR63,0.0,0.0
SYSTEM_ILE64,0.0,0.0
SYSTEM_ASP65,0.0,0.0
SYSTEM_PHE66,0.0,0.0
SYSTEM_PRO67,0.0,0.0
SYSTEM_GLU68,0.0,0.0
SYSTEM_PHE69,0.0,0.0
SYSTEM_LEU70,0.0,0.0
SYSTEM_THR71,0.0,0.0
SYSTEM_MET72,0.0,0.0
SYSTEM_MET73,0.0,0.0
SYSTEM_ALA74,0.0,0.0
SYSTEM_ARG75,0.0,0.0
SYSTEM_LYS76,0.0,0.0
SYSTEM_MET77,0.0,0.0
SYSTEM_LYS78,0.0,0.0
SYSTEM_ASP79,0.0,0.0
SYSTEM_THR80,0.0,0.0
SYSTEM_ASP81,0.0,0.0
SYSTEM_SER82,0.0,0.0
SYSTEM_GLU83,0.0,0.0
SYSTEM_GLU84,0.0,0.0
SYSTEM_GLU85,0.0,0.0
SYSTEM_ILE86,0.0,0.0
SYSTEM_ARG87,0.0,0.0
SYSTEM_GLU88,0.0,0.0
SYSTEM_ALA89,0.0,0.0
SYSTEM_PHE90,0.0,0.0
SYSTEM_ARG91,0.0,0.0
SYSTEM_VAL92,0.0,0.0
SYSTEM_PHE93,0.0,0.0
SYSTEM_ASP94,0.0,0.0
SYSTEM_LYS95,0.0,0.0
SYSTEM_ASP96,0.0,0.0
SYSTEM_GLY97,0.0,0.0
SYSTEM_ASN98,0.0,0.0
SYSTEM_GLY99,0.0,0.0
SYSTEM_TYR100,0.0,0.0
SYSTEM_ILE101,0.0,0.0
SYSTEM_SER102,0.0,0.0
SYSTEM_ALA103,0.0,0.0
SYSTEM_ALA104,0.0,0.0
SYSTEM_GLU105,0.0,0.0
SYSTEM_LEU106,0.0,0.0
SYSTEM_ARG107,0.0,0.0
SYSTEM_HIS108,0.0,0.0
SYSTEM_VAL109,0.0,0.0
SYSTEM_MET110,0.0,0.0
SYSTEM_THR111,0.0,0.0
SYSTEM_ASN112,0.0,0.0
SYSTEM_LEU113,0.0,0.0
SYSTEM_GLY114,0.0,0.0
SYSTEM_GLU115,0.0,0.0
SYSTEM_LYS116,0.0,0.0
SYSTEM_LEU117,0.0,0.0
SYSTEM_THR118,0.0,0.0
SYSTEM_ASP119,0.0,0.0
SYSTEM_GLU120,0.0,0.0
SYSTEM_GLU121,0.0,0.0
SYSTEM_VAL122,0.0,0.0
SYSTEM_ASP123,0.0,0.0
SYSTEM_GLU124,0.0,0.0
SYSTEM_MET125,0.0,0.0
SYSTEM_ILE126,0.0,0.0
SYSTEM_ARG127,0.0,0.0
SYSTEM_GLU128,0.0,0.0
SYSTEM_ALA129,0.0,0.0
SYSTEM_ASP130,0.0,0.0
SYSTEM_ILE131,0.0,0.0
SYSTEM_ASP132,0.0,0.0
SYSTEM_GLY133,0.0,0.0
SYSTEM_ASP134,0.0,0.0
SYSTEM_GLY135,0.0,0.0
SYSTEM_GLN136,0.0,0.0
SYSTEM_VAL137,0.0,0.0
SYSTEM_ASN138,0.0,0.0
SYSTEM_TYR139,0.0,0.0
SYSTEM_GLU140,0.0,0.0
SYSTEM_GLU141,0.0,0.0
SYSTEM_PHE142,0.0,0.0
SYSTEM_VAL143,0.0,0.0
SYSTEM_GLN144,0.0,0.0
SYSTEM_MET145,0.0,0.0
SYSTEM_MET146,0.0,0.0
SYSTEM_THR147,0.0,0.0
SYSTEM_ALA148,0.0,0.0
SYSTEM_LYS149,0.0,0.0
